#CODE;ENGLISH;ENGLISH
e_spain;;España
e_spain_adj;;Española
e_scandinavia;Nordmannia;Nordmannia
e_scandinavia_adj;Nordmannian;Nordmannian
e_scandinavia_adj_norse;Norðan;Norðr
e_scandinavia_adj_danish;Norðan;Norðr
e_scandinavia_adj_icelandic;Norðan;Norðr
e_scandinavia_adj_gothic;Norðan;Norðr
e_scandinavia_adj_swedish;Norðan;Norðr
e_scandinavia_adj_norwegian;Norðan;Norðr
e_hungary;Etelköz;Etelköz
e_hungary_adj;Etelközian;Etelközian
e_poland;Poland-Lithuania;Polska-Lietuva
e_poland_adj;Polish-Lithuanian;Polski-Lietuvo
e_france;France;France
e_france_adj;Frankish;Français
e_byzantium;Roman Empire;Basileia Rhõmaiõn
e_italy;Italy;Italia
e_italy_adj;Italian;Italiano
e_africa;Africa;Africa
e_africa_adj;African;African
e_hre;Holy Roman Empire;Heiliges Römisches Reich
e_hre_adj;Holy Roman;Kaiserliche
k_sweden;Sweden;Sviaríki
k_sweden_adj;Swedish;Svenskr
k_denmark;Denmark;Danmark
k_denmark_adj;Danish;Danskr
k_norway;Norway;Norégr
k_norway_adj;Norwegian;Norskr
k_brittany;Brittany;Breizh
k_brittany_adj;Breton;Brezhoneg
k_poland;Poland;Polska 
k_poland_adj;Polish;Polski
k_lithuania;Lithuania;Lietuva
k_lithuania_adj;Lithuanian;Lietuvos
k_bohemia;Bohemia;Czechy
k_bohemia_adj;Bohemian;Ceský
k_hungary;Hungary;Magyarország
k_hungary_adj;Hungarian;Magyar
k_serbia;Serbia;Srbija
k_serbia_adj;Serbian;Srbi
k_croatia;Croatia;Hrvatska
k_croatia_adj;Croatian;Hrvatski
k_bulgaria;Bulgaria;Balgariya 
k_bulgaria_adj;Bulgarian;Bâlgarski
k_saxony;Saxony;Sachsen
k_saxony_adj;Saxon;Sächsische
k_ireland;;Éire
k_ireland_adj;;hÉireann
k_armenia;Armenia;Hayk
k_armeina_adj;Armenian;Hayeren
k_aragon;Aragón;Aragón
k_aragon_adj;Aragonese;Aragonesa
k_burgundy;Burgundy;Bourgogne
k_burgundy_adj;Burgundian;Bourguigon
k_castille;Castile;Castilla
k_castille_adj;Castilian;Castellana
k_leon;León;León
k_leon_adj;Leonese;Leonesa
k_navarra;Navarra;Navarra
k_navarra_adj;Navarrese;Navarra
k_andalusia;Al-Andalus;Al-Andalus
k_andalusia_adj;Andalusian;Andalusí
k_moldau;Moldova;Moldova
k_moldau_adj;Moldovian;Moldovenesc
k_taurica;Crimea;Krimea
k_taurica_adj;Crimean;Krimean
k_byzantium;Thessalonika;Thessalonika
k_byzantium_adj;Thessalonian;Hellenic
k_anatolia;Iconion;Iconium
k_anatolia_adj;Anatolian;Anatolian
k_lotharingia;Lotharingia;Lotharingia
k_lotharingia_adj;Lotharingian;Lotharingian
k_pomerania;Wendland;Wendland
k_pomerania_adj;Wendish;Vendi
k_bavaria;Bavaria;Baiern
k_bavaria_adj;Bavarian;Bairische
k_schwaben;Swabia;Schwaben
k_schwaben_adj;Swabian;Schwäbische
k_wallachia;Wallachia;Wallachia
k_wallachia_adj;Wallachian;Wallachian
k_franconia;Franconia;Franken
k_franconia_adj;Franconian;Fränkische
k_terra;Livonia;Livonia
k_terra_adj;Livonian;Livonian
k_nikaea;Nicaea;Nikaea
k_nikaea_adj;Nicaean;Nikaeaian
k_bosnia;Bosnia;Bosna
k_bosnia_adj;Bosnian;Bosanci
k_epirus;Epirus;Epirus
k_epirus_adj;Epirene;Hellenic
k_carinthia;Carinthia;Kärnten
k_carinthia_adj;Carinthian;Kärntenische
k_upper_lorraine;Upper Lorraine;Oberlothringen
k_upper_lorraine_adj;Upper Lorraine;Oberlothringische
k_lower_lorraine;Lower Lorraine;Niederlothringen
k_lower_lorraine_adj;Lower Lorraine;Niederlothringische
k_cilician;Cilicia;Cilicia
k_cilician_adj;Cilician;Cilician
k_sardinia;Corsica and Sardinia;Corsicae et Sardiniae
k_sardinia_adj;Corse-Sardinian;Sardinian
k_italy;Lombardia;Lombardia
k_italy_adj;Lombardian;Lombardian
k_papal_state;Papal State;Status Pontificius
k_papal_state_adj;Papal;Sanctimonialis
k_sicily;Sicily;Sicilia
k_sicily_adj;Sicilian;Siciliani
k_patrimoniumpetri;Patrimonium of St. Peter;Patrimonium Sancti Petri
k_patrimoniumpetri_adj;Patrimonian;Sanctimonialis
k_venice;Venice;Venezia
k_venice_adj;Venetian;Veneti
k_finland;Finland;Suomi
k_finland_adj;Finnish;Suomalainen
k_portugal;Portugal;Portugal
k_portugal_adj;Portuguese;Portuguesa
d_finland;Finland;Suomi
d_finland_adj;Finnish;Suomalainen
d_lettigale;Lettigallen;Gerzike
d_lettigale_adj;Lettigallian;Lettigallian
d_julich;Jülich;Jülich
d_julich_adj;Jülichian;Jülichen
;;
;;
d_susa;Piemont;Piemonte
d_susa_adj;Piemontese;Piemontessian
d_sharukan;Sharukan;Sharukan
d_sharukan_adj;Sharukanian;Sharukanian
d_syrt;Syrt;Syrt
d_syrt_adj;Syrtian;Syrtian
d_mordva;Mordva;Mordva
d_mordva_adj;Mordvan;Mordvan
d_oldenburg;Lower Saxony;Niedersachsen
d_oldenburg_adj;Lower Saxon;Niedersaxish
d_nuremberg;Nürnberg;Nürnberg
d_nuremberg_adj;Nürnberger;Bavarian
d_jylland;Jylland;Jutäland
d_jylland_adj;Jyllandian;Jutälandish
d_lubeck;Lübeck;Lübeck
d_lubeck_adj;Lübeckish;Lübeckern
d_moers;Möers;Möers
d_moers_adj;Möersian;Möersian
d_holstein;Holstein;Holstein
d_holstein_adj;Holsteinian;Holsteinisch
d_aquileia;Friùli;Friùli
d_aquileia_adj;Friulian;Friulano
d_meath;Mide;Mide
d_meath_adj;Midenan;Midenan
d_nordgau;Nordgau;Nordgau
d_nordgau_adj;Nordgauian;Nordgauian
d_brunswick;Braunschweig-Lüneburg;Braunschweig-Lüneburg
d_brunswick_adj;Braunschweigian;Braunschweigian
d_koln;Cologne;Köln
d_koln_adj;Colognian;Rheinsh
d_zurich;Zürichgau;Zürichgau
d_zurich_adj;Zürch;Swiss
d_brandenburg;Nordmark;Nordmark
d_brandenburg_adj;Nordmarkian;Nordmarkian
d_csanad;Csanád;Csanád
d_csanad_adj;Csanádian;Csanádian
d_esztergom;Visegrád;Visegrád
d_talava;Talava;Tholowa
d_talava_adj;;Talavian
d_livonia;Saare-Lääne;Livland
d_livonia_adj;Saare-Läänian;Livonian
d_trakai;;Trakai
d_trakai_adj;;Trakaian
d_slesvig;Schleswig;Sliesvík
d_slesvig_adj;Schleswigian;Sliesvíkr
d_bacs;Bács;Bács
d_bacs_adj;Bácsian;Bácsian
d_moravia;Moravia;Morawske
d_bohemia;Moravian;Czeske
d_pfalz;Rhine Palatinate;Pfalzgrafschaft bei Rhein
d_pfalz_adj;Palatian;Rheinish
d_sampi;Sámpi;Sámpi
d_sampi_adj;Lappish;Lappish
d_strymon;Strymon;Strymon
d_strymon_adj;Greek;Greek
d_limburg;Limburg;Limburg
d_limburg_adj;Limbürgish;Limbürgish
d_athens;Hellas;Hellas
d_athens_adj;Hellenic;Hellenic
d_berg;Jülich-Kleve-Berg;Jülich-Kleve-Berg
d_berg_adj;Jülich-Klevian;Kleveische
d_mainz;Mainz;Mainz
d_mainz_adj;Mainzian;Rheinish
d_bishopmunster;Münster;Münster
d_bishopmunster_adj;Münsterian;Münsterian
d_trier;Trier;Trier
d_trier_adj;Trierian;Trierian
d_salzburg;Salzburg;Salzburg
d_salzburg_adj;Salzburgian;Salzburgian
d_bremen;Bremen;Bremen
d_bremen_adj;Bremish;Bremish
d_wurzburg;Ostfranken;Ostfranken
d_wurzburg_adj;Ostfrankish;Frankish
d_hainaut;Hainaut;Hainaut
d_hainaut_adj;Wallonian;Wallonian
d_tyrol;Tyrol;Tyrol
d_tyrol_adj;Tyrolian;Tyrol
d_barleduc;Bar;Bar
d_barleduc_adj;Lotharingian;Lotharingian
d_upper_lorraine;Moselle;Moselle
d_upper_lorraine_adj;Moselle;Moselle
d_niederbayern;Niederbaiern;Niederbaiern
d_niederbayern_adj;Niederbairische;Niederbairische
d_zahringen;Zähringen;Zähringen
d_zahringen_adj;Zähringern;Zähringern
d_bamberg;Bamberg;Bamberg
d_bamberg_adj;Bambergian;Fränkische
d_teck;Teck;Teck
d_teck_adj;Swabian;Schwäbishe
d_chur;Chur;Chur
d_chur_adj;Swabian;Schwäbishe
d_basel;Basel;Basel
d_basel_adj;Swiss;Swiss
d_arles;Arle;Arle
d_arles_adj;Occitan;Occitan
d_provence;Provence;Provença
d_provence_adj;Provencal;Occitan
d_lyon;Lyon;Lyon
d_lyon_adj;Lyonais;Lyonaisse
d_aosta;Aosta;Aosta
d_aosta_adj;Savoyard;Savoyard
d_liege;Liege;Liege
d_liege_adj;Liegian;Liegian
d_osterreich;Austria;Österreich
d_osterreich_adj;Austrian;Österrische
d_halsingland;Hälsingland;Hälsingland
d_halsingland_adj;Norrländish;Norrländish
d_bergslagen;Svealand;Svealand
d_bergslagen_adj;Svea;Svea
d_smaland;Gotland;Gotland
d_smaland_adj;Gotlandish;Gotlandish
d_albania;Albania;Albania
d_albania_adj;Albanian;Georgian
d_vaspurakan;Vaspurakan;Vaspurakan
d_vaspurakan_adj;Armenian;Armenian
d_suenik;Suenik;Suenik
d_suenik_adj;Armenian;Armenian
d_tao;Tayk;Tayk
d_tao_adj;Anatolian;Anatolian
d_mesopotamia;Taron;Taron
d_mesopotamia_adj;Armenian;Armenian
d_frisia;Frisia;Frisia
d_frisia_adj;Frisian;Frisian
d_osnabruck;Osnabrück;Osnabrück
d_osnabruck_adj;Osnabrückish;Osnabrückish
d_magdeburg;Magdeburg;Magdeburg
d_magdeburg_adj;Magdeburgish;Magdeburgish
d_cyprus;Nicosia;Nicosia
d_cyprus_adj;Nicosian;Nicosian
d_limisol;Limmassol;Limmassol
d_limisol_adj;Limmassolian;Limmassolian
d_corsica;Corsica;Corsica
d_corsica_adj;Corsican;Corsican
d_sjaelland;Syäland;Syäland
d_sjaelland_adj;Syälander;Syälandern
d_ostlandet;Víken;Víken
d_ostlandet_adj;Vikan;Ostlandske
d_pecs;Pecs;Somogyország
d_pecs_adj;Pecsian;Somogyországian
d_esztergom_adj;Esztergomian;Esztergomite
d_temes;Temes;Temes
d_temes_adj;Temesite;Temesite
d_ungvar_adj;Ungvaran;Ungvaran
d_pest;Pest;Biharország
d_pest_adj;Pestian;Biharországian
d_transylvania;Transsylvania;Erdélyország
d_transylvania_adj;Transsylvanian;Erdélyországian
d_nyitra;Nyitra;Nyitraország
d_nyitra_adj;Nyitrian;Nyitraországian
d_tarent;Taranto;Principato di Taranto
d_tarent_adj;Tarantian;Tarantian
d_loritello;Loritello;Loritello
d_loritello_adj;Loritellan;Loritellan
d_napoli;Naples;Napoli
d_napoli_adj;Napolitan;Napolian
d_ancona;Marche;Marche
d_ancona_adj;Marchian;Marchian
d_ravenna;Ravenna;Ravenna
d_ravenna_adj;Ravennese;Romagnian
d_modena;Modena-Reggio;Modena e Reggio
d_modena_adj;Modenan;Modenan
d_urbino;Urbino;Urbino
d_urbino_adj;Urbinian;Urbinian
d_lucca;Lucca;Lucca
d_lucca_adj;Luccan;Luccan
d_mantua;Mantua;Mantua
d_mantua_adj;Mantuian;Mantuian
d_parma;Parma;Parma
d_parma_adj;Parmese;Parmese
d_savona;Savona;Savona
d_savona_adj;Savonian;Savonian
d_monferrato;Monferrato;Monferrato
d_monferrato_adj;Monferratian;Monferratian
d_toscana;Toscana;Toscana
d_toscana_adj;Toscanan;Toscanan
d_como;Como;Como
d_como_adj;;Comoan
d_lombardia;Milan;Milan
d_lombardia_adj;Lombardian;Lombardian
d_venice;Venice;Venezia
d_venice_adj;Venetian;Veneto
d_genoa;Genoa;Genova
d_genoa_adj;Genovese;Genovesan
d_sicily;Sicilia;Sicilia
d_sicily_adj;Sicilian;Siciliani
d_apulia;Apulia;Puglia
d_apulia_adj;Apulian;Pugliani
d_alvito;Alvito;Alvito
d_alvito_adj;Alvitian;Alvitian
d_skane;Skane;Skaane
d_skane_adj;Skanske;Skaanske
d_oltenia;Oltenia;Oltenia
d_oltenia_adj;Oltenian;Oltenian
d_wallachia;Mutenia;Muntenia
d_wallachia_adj;Mutenian;Muntenian
d_moldau;Moldova;Tara de Sus
d_moldau_adj;Moldovian;Moldovenesc
d_basarabia;Bassarabia;Tara de Jos
d_basarabia_adj;Bassarabian;Moldovenesc
d_ujavar;Újavár;Újavár
d_ujavar_adj;Újavárian;Újavárian
d_gyor;Gyõr;Gyõr
d_gyor_adj;Gyõrian;Gyõrian
d_kakheti;Kakheti;Kakheti
d_kakheti_ad;Kakhetian;Kakhetian
d_greater_poland;Greater Poland;Wielkopolska
d_greater_poland_adj;Greater Polish;Wielkopolskie
d_lesser_poland;Lesser Poland;Malopolska
d_lesser_poland_adj;Lesser Polish;Malopolskie
d_mazovia;Mazovia;Mazowsze
d_mazovia_adj;Mazovian;Mazowieckie
d_kuyavia;Kuyavia;Kujawy
d_kuyavia_adj;Kuyavian;kujawsko
d_prussia;Prussia;Prusa
d_prussia_adj;Prussian;Prusiskan
d_croatia;Croatia;Hrvatska
d_croatia_adj;Croat;Hrvatski
d_bosnia;Bosnia;Bosna
d_bosnia_adj;Bosnian;Bosanci
d_burgundy;Burgundy;Bourgogne
d_burgundy_adj;Burgundian;Bourguigon
d_aquitaine;Aquitaine;Aquitània
d_aquitaine_adj;Occitan;Occitan
d_lithuanians;Lietuva;Lietuva
d_lithuanians_adj;Lietuvos;Lietuvos
d_upper_burgundy;Upper Burgundy;Haute Bourgogne 
d_upper_burgundy_adj;Upper Burgundian;Bourguigon
d_silesia;Silesia;Slask
d_silesia_adj;Silesian;Slaski
d_auvergne;Auvergne;Auvèrnhe
d_auvergne_adj;Auvergnian;Auvèrnhenan
d_limousin;Limousin;Lemosin
d_limousin_adj;Limousain;Lemosinan
d_toulouse;Toulouse;Tolosa
d_toulouse_adj;Toulousian;Tolosa
d_septimania;Septimania;Septimania
d_septimania_adj;Septimanian;Septimania
d_archberry;Berry;Berry
d_archberry_adj;Berrian;Berry
d_archreims;Reims;Reims
d_archreims_adj;Reimsian;Reims
d_champagne;Champagne;Champagne
d_champagne_adj;Champagne;Champagne
d_lowerbrittany;Lower Brittany;Breizh Izel
d_lowerbrittany_adj;Lower Breton;Breizh Brezhoneg
d_brittany;Upper Brittany;Haùtt-Bertaèyn
d_brittany_adj;Upper Breton;Haùtt-Brezhoneg
d_artois;Artois;Artois
d_artois_adj;Artoisian;Artoisian
d_alencon;Alençon;Alençon
d_alencon_adj;Alençonian;Alençonian
d_blois;Blois;Blois
d_blois_adj;Bloisan;Bloisan
d_utrecht;Utrecht;Utrecht
d_utrecht_adj;Utrechtian;Utrechtian
d_nevers;Nevers;Nevers
d_nevers_adj;Nerversian;Nerversian
d_rethel;Rethel;Rethel
d_rethel_adj;Rethelian;Rethelian
k_saxonengland;Ængland;Englaland
k_saxonengland_adj;Ænglisch;Ænglisc
k_sahara;Sahara;Sahara
k_sahara_adj;Saharan;Saharan
d_sahara;Sahara;Sahara
d_sahara_adj;Saharan;Saharan
d_armenia_minor;Cilicia Pedias;Cilicia Pedias
d_armenia_minor_adj;Cilicia Pediasen;Cilicia Pediasen
d_seleukeia;Cilicia Trachea;Cilicia Trachea
d_seleukeia_adj;Cilicia Trachean;Cilicia Trachean
k_antioch;Antioch;Antioche
k_antioch_adj;Antiochean;Antiochean
d_germanias;Germanias;Germanias
d_germanias_adj;Germaniasian;Germaniasian
d_diyareast;Diyar Rabi'a;Diyar Rabi'a
d_diyareast_adj;Rabian;Rabian
d_jazira;Diyar Mudar;Diyar Mudar
d_jazira_adj;Mudaren;Mudaren
d_homs;Homs;Hims
d_homs_adj;Homsian;Himsan
d_jordan;al-Urdunn;al-Urdunn
d_jordan_adj;al-Urdunnan;al-Urdunnan
d_damascus;Damascus;Dimashq
d_damascus_adj;Damascus;Dimashqan
d_aleppo;Aleppo;Qinnasrin
d_aleppo_adj;Aleppan;Qinnasrinan
k_syria;Syria;Al-Sham
k_syria_adj;Syrian;Al-Shaman
k_aljazira;Al Jazira;Al Jazira
k_aljazira_adj;Jaziran;Jaziran
d_antioch;Antioch;Principauté d'Antioche
d_antioch_adj;Antiochean;Antiochean
d_castilla;Castile;Castilla
d_castilla_adj;Castilian;Castellana
d_leon;León;León
d_leon_adj;Leonese;Leonesa
d_navarra;Navarra;Navarra
d_navarra_adj;Navarrese;Navarra
d_aragon;Aragón;Aragón
d_aragon_adj;Aragonese;Aragonesa
d_la_mancha;La Mancha;La Mancha
d_la_mancha_adj;Manchian;Manchega
d_beja;Alentejo;Alentejo
d_beja_adj;Alentejan;Alentejana
d_algarve;Algarve;Algarve
d_algarve_adj;Algarvian;Algarvia
d_beira;Beira;Beira
d_beira_adj;Beiroan;Beiroa
d_catalunya_nova;Catalunya Nova;Catalunya Nova
d_catalunya_nova_adj;Catalan;Catalana
d_catalunya_vella;Catalunya Vella;Catalunya Vella
d_catalunya_vella_adj;Catalan;Catalana
d_cordoba;Córdoba;Córdoba
d_cordoba_adj;Cordoban;Cordobesa
d_badajoz;Extremadura;Extremadura
d_badajoz_adj;Extremaduran;Extremeña
d_galicia;Galicia;Galicia
d_galicia_adj;Galician;Gallega
d_granada;Granada;Granada
d_granada_adj;Granadine;Granadina
d_mallorca;Mallorca;Mallorca
d_mallorca_adj;Mallorquin;Mallorquina
d_murcia;Murcia;Murcia
d_murcia_adj;Murcian;Murciana
d_najera;Nájera;Nájera
d_najera_adj;Najerin;Najerina
d_portucale;Portucale;Portucale
d_portucale_adj;Portucalense;Portucalense
d_ribatejo;Ribatejo;Ribatejo
d_ribatejo_adj;Ribatejan;Ribatejana
d_salamanca;Salamanca;Salamanca
d_salamanca_adj;Salmantin;Salmantina
d_segovia;Segovia;Segovia
d_segovia_adj;Segovian;Segoviana
d_sevilla;Sevilla;Sevilla
d_sevilla_adj;Sevillan;Sevillana
d_teruel;Teruel;Teruel
d_teruel_adj;Turolens;Turolense
d_toledo;Toledo;Toledo
d_toledo_adj;Toledan;Toledana
d_valencia;Valencia;Valencia
d_valencia_adj;Valencian;Valenciana
d_zaragoza;Zaragoza;Zaragoza
d_zaragoza_adj;Zaragozan;Zaragozana
k_iceland;Iceland;Ísland
k_iceland_adj;Icelandic;Íslandskr
d_iceland;Iceland;Ísland
d_iceland_adj;Icelandic;Íslandskr
d_insalah;In Salah;In Salah
d_insalah_adj;In Salah;In Salah
d_ghadames;Ghadamès;Ghadamès
d_ghadames_adj;Ghadamès;Ghadamès
d_tekkada;Tekkeda;Tekkeda
d_tekkada_adj;Tekkeda;Tekkeda
d_agades;Agadez;Agadez
d_agades_adj;Agadez;Agadez
d_ghat;Ghat;Ghat
d_ghat_adj;Ghat;Ghat
d_bilma;Bilma;Bilma
d_bilma_adj;Bilman;Bilma
d_gasaga;Gasga;Gasga
d_gasaga_adj;Gasgan;Gasga
d_elfasher;El Fasher;El Fasher
d_elfasher_adj;El Fasher;El Fasher
d_dongola;Dongola;Dongola
d_dongola_adj;Dongolan;Dongola
d_roufra;Roufra;Roufra
d_roufra_adj;Roufran;Roufra
d_awlil;Awlil;Awlil
d_awlil_adj;Awlil;Awlil
k_insalah;In Salah;In Salah
k_insalah_adj;In Salah;In Salah
k_ghadames;Ghadamès;Ghadamès
k_ghadames_adj;Ghadamès;Ghadamès
k_tekkada;Tekkeda;Tekkeda
k_tekkada_adj;Tekkeda;Tekkeda
k_agades;Agadez;Agadez
k_agades_adj;Agadez;Agadez
k_ghat;Ghat;Ghat
k_ghat_adj;Ghat;Ghat
k_bilma;Bilma;Bilma
k_bilma_adj;Bilman;Bilma
k_gasaga;Gasga;Gasga
k_gasaga_adj;Gasgan;Gasga
k_elfasher;El Fasher;El Fasher
k_elfasher_adj;El Fasher;El Fasher
k_dongola;Dongola;Dongola
k_dongola_adj;Dongolan;Dongola
k_roufra;Roufra;Roufra
k_roufra_adj;Roufran;Roufra
k_awlil;Awlil;Awlil
k_awlil_adj;Awlil;Awlil
d_foix;Foix;Pirenèus
d_foix_adj;Foix;Pirenèusen
d_gevaudan;Gévaudan;Gévaudan
d_gevaudan_adj;Gévaudan;Gévaudan
d_acre;Acre;Acre
d_acre_adj;Acrean;Acrean
d_ascalon;Jaffa-Ascalon;Jaffa-Ascalon
d_ascalon_adj;Jaffan;Jaffan
d_galilee;Galilee;Principauté  de Galilée
d_galilee_adj;Galilean;Galiléen
k_georgia;Georgia;Sakartvelo
k_georgia_adj;Georgian;Sakartvelo
d_oberbayern;Upper Bavaria;Oberbayern
d_oberbayern_adj;Upper Bavarian;Oberbayrisch
d_styria;Styria;Steiermark
d_styria_adj;Styrian;Styrian
d_saxewittenberg;Saxony-Wittenberg;Sachsen-Wittenberg
d_saxewittenberg_adj;Saxon;Sächsische
d_burgau;Burgau;Burgau
d_burgau_adj;Burgauer;Burgauer
d_rheinfranken;Rhenish Franconia;Rheinfranken
d_rheinfranken_adj;Rhenish;Rheinisch
#Rhos;;
k_novgorod;Novgorod;Novgorod
k_novgorod_adj;Novgorodian;Novgorodskiy
d_novgorod;Novgorod;Novgorod
d_novgorod_adj;Novgorodskiy;Novgorodskiy
d_pskov;Pskov;Pskov
d_pskov_adj;Pskovskiy;Pskovskiy
d_russa;Rusa;Rusa
d_russa_adj;Rusaskiy;Rusaskiy
d_beloozero;Beloozero;Beloozero
d_beloozero_adj;Beloozeroskiy;Beloozeroskiy
d_beloozero_adj_finnish;;Vesian
d_beloozero_adj_mordvin;;Vesian
d_beloozero_adj_lappish;;Vesian
d_beloozero_adj_komi;;Vesian
d_beloozero_adj_karelian;;Vesian
d_beloozero_adj_samoyed;;Vesian
d_beloozero_adj_vepsian;;Vesian
d_beloozero_adj_mari;;Vesian
d_beloozero_adj_ingrian;;Vesian
d_beloozero_adj_tsuudi;;Vesian
d_beloozero_adj_livonian;;Vesian
d_bjarmia;Bjarmia;Bjarmia
d_bjarmia_adj;Bjarmiaskiy;Bjarmian
d_bjarmia_adj_russian;;Dvinskiy
d_bjarmia_adj_bohemian;;Dvinskiy
d_bjarmia_adj_moravian;;Dvinskiy
d_bjarmia_adj_polish;;Dvinskiy
d_bjarmia_adj_pommeranian;;Dvinskiy
d_bjarmia_adj_croatian;;Dvinskiy
d_bjarmia_adj_bosnian;;Dvinskiy
d_bjarmia_adj_serbian;;Dvinskiy
d_bjarmia_adj_karantanci;;Dvinskiy
d_bjarmia_adj_bulgarian;;Dvinskiy
d_bjarmia_adj_danish;;Beormr
d_bjarmia_adj_norse;;Beormr
d_bjarmia_adj_norwegian;;Beormr
d_bjarmia_adj_swedish;;Beormr
d_bjarmia_adj_icelandic;;Beormr
d_bjarmia_adj_gothic;;Beormr
d_bjarmia_adj_anglonorse;;Beormr
d_bjarmia_adj_norsegaelic;;Beormr
k_vladimir;Vladimir;Vladimir
k_vladimir_adj;Vladimirskiy;Vladimirskiy
d_tver;Tver;Tver
d_tver_adj;Tverskiy;Tverskiy
d_rostov;Rostov;Rostov
d_rostov_adj;Rostovskiy;Rostovskiy
d_vladimir;Suzdal;Suzdal
d_vladimir_adj;Suzdalskiy;Suzdalskiy
d_ustyg;Ustyg;Ustyg
d_ustyg_adj;Ustygskiy;Ustygskiy
d_nizhny_novgorod;Nizhny Novgorod;Nizovye
d_nizhny_novgorod_adj;Nizhny Novgorodskiy;Nizovskiy
d_ryazans;Rjanz;Rjanz
d_ryazans_adj;Rjanzskiy;Rjanzskiy
d_murom;Murom;Murom
d_murom_adj;Muromskiy;Muromskiy
d_upper_oka;Oka;Oka
d_upper_oka_adj;Okaskiy;Okaskiy
d_moskva;Moskva;Moskva
d_moskva_adj;Moskvaskiy;Moskvaskiy
k_polotsk;Polotsk;Polotsk
k_polotsk_adj;Polotskskiy;Polotskskiy
d_polotsk;Polotsk;Polotsk
d_polotsk_adj;Polotskskiy;Polotskskiy
d_minsk;Minsk;Minsk
d_minsk_adj;Minskskiy;Minskskiy
k_ruthenia;;Kiev
k_ruthenia_adj;;Kievskiy
d_kiev;Kiev;Kiev
d_kiev_adj;Kievan;Kievskiy
d_pereyaslavl;Perejaslavl;Perejaslavl
d_pereyaslavl_adj;Perejaslavlskiy;Perejaslavlskiy
d_smolensk;Smolensk;Smolensk
d_smolensk_adj;Smolenskskiy;Smolenskskiy
d_toropec;Toropec;Toropec
d_toropec_adj;Toropecskiy;Toropecskiy
d_turov;Turov;Turov
d_turov_adj;Turovskiy;Turovskiy
d_novgorod-seversk;Sivershchyna;Sivershchyna
d_novgorod-seversk_adj;Sivershchynaskiy;Sivershchynaskiy
d_chernigov;Chernigov;Chernigov
d_chernigov_adj;Chernigovskiy;Chernigovskiy
d_novosil;Okskoye Verkhovye;Verhovye
d_novosil_adj;Novosilskiy;Verhovskiy
k_galicia;Galych-Volhyn;Halych-Volyn
k_galicia_adj;Galichian;Halych-Volynskiy
d_galich;Halych;Halych
d_galich_adj;Halychskiy;Halychskiy
d_volhynia;Volyn;Volyn
d_volhynia_adj;Volynskiy;Volynskiy
d_belz;Belz;Belz
d_belz_adj;Belzian;Belzskiy
d_zvenyhorod;Zvenigorod;Zvenigorod
d_zvenyhorod_adj;Zvenigorodskiy;Zvenigorodskiy
d_podlaise;Podlyashe;Podlyashe
d_podlaise_adj;Podlyasheskiy;Podlyasheskiy
e_russia;Rhos;Rus
e_russia_adj;Rhosskiy;Russkij
e_russia_adj_danish;;Garðaríkir
e_russia_adj_norwegian;;Garðaríkir
e_russia_adj_swedish;;Garðaríkir
e_russia_adj_gothic;;Garðaríkir
e_russia_adj_norse;;Garðaríkir
e_russia_adj_icelandic;;Garðaríkir
e_russia_adj_anglonorse;;Garðaríkir
e_russia_adj_greek;;Rhosian
e_russia_adj_arberian;;Rhosian
e_russia_adj_armenian;;Rhosian
e_russia_adj_alan;;Rhosian
e_russia_adj_georgian;;Rhosian
#Mali;;
k_ghana;Wagadu;Wagadu
k_ghana_adj;Wagadian;Wagadian
k_mali;Mali;Mali
k_mali_adj;Malinese;Malinese
d_ghana;Wagadu;Wagadu
d_ghana_adj;Wagadian;Wagadian
d_mema;Mema;Mema
d_mema_adj;Meman;Meman
d_tagant;Tagant;Tagant
d_tagant_adj;Taganti;Taganti
d_oualata;Walata;Walata
d_oualata_adj;Walatan;Walatan
d_mali;Mali;Mali
d_mali_adj;Malinese;Malinese
d_bambuk;Bambuk;Bambuk
d_bambuk_adj;Bambuki;Bambuki
d_kala;Kala;Kala
d_kala_adj;Kalan;Kalan
d_wolof;Wolof;Wolof
d_wolof_adj;Wolofi;Wolofi
k_songhay;Songhay;Songhay
k_songhay_adj;Songhayí;Songhayí
d_songhay;Songhay;Songhay
d_songhay_adj;Songhayí;Songhayí
d_mossi;Mossi;Mossi
d_mossi_adj;Mossí;Mossí
#Sahara;;
d_tuat;Tuat;Tuat
d_tuat_adj;Tuatí;Tuatí
d_mzab;Mzab;Mzab
d_mzab_adj;Mzabi;Mzabi
d_hoggar;Hoggar;Hoggar
d_hoggar_adj;Hoggari;Hoggari
d_fezzan;Fezzan;Fezzan
d_fezzan_adj;Fezzani;Fezzani
d_tibesti;Tibesti;Tibesti
d_tibesti_adj;Tibesti;Tibesti
d_kawar;Kawar;Kawar
d_kawar_adj;Kawari;Kawari
d_air;Air;Air
d_air_adj;Airi;Airi
#Africa;;
k_africa;Ifriqiya;Ifriqiya
k_africa_adj;Ifriqi;Ifriqi
k_mauretania;Mauretania;Mauretania
k_mauretania_adj;Mauretani;Mauretani
d_tunis;Ifriqiya;Ifriqiya
d_tunis_adj;Ifriqi;Ifriqi
d_qamuda;Qamuda;Qamuda
d_qamuda_adj;Qamudi;Qamudi
d_tripolitania;Tripolitania;Tripolitania
d_tripolitania_adj;Tripolitani;Tripolitani
d_kabylia;Kabylia;Kabylia
d_kabylia_adj;Kabyli;Kabyli
d_zab;Zab;Zab
d_zab_adj;Zabi;Zabi
d_alger;Tahart;Tahart
d_alger_adj;Taharti;Taharti
d_tlemcen;Tilimsan;Tilimsan
d_tlemcen_adj;Tilimsani;Tilimsani
d_tangiers;Tanja;Tanja
d_tangiers_adj;Tanji;Tanji
d_fes;Fas;Fas
d_fes_adj;Fasi;Fasi
d_marrakech;Marrakush;Marrakush
d_marrakech_adj;Marrakushi;Marrakushi
d_draa;Draa;Draa
d_draa_adj;Drai;Drai
d_adrar;Adrar;Adrar
d_adrar_adj;Adrari;Adrari
d_taghaza;Taghaza;Taghaza
d_taghaza_adj;Taghazi;Taghazi
d_takrur;Takrur;Takrur
d_takrur_adj;Takrurí;Takrurí
#Egypt;;
k_egypt;Misr;Misr
k_egypt_adj;Misri;Misri
d_alexandria;Iskandariya;Iskandariya
d_alexandria_adj;Iskandariyi;Iskandariyi
d_damietta;Dumiyát;Dumiyát
d_damietta_adj;Dumiyátí;Dumiyátí
d_cairo;Qáhira;Qáhira
d_cairo_adj;Qáhirí;Qáhirí
d_alwahat;;Al Wahát
d_alwahat_adj;;Al Wahátí
d_aswan;Al-Sa'íd;Al-Sa'íd
d_aswan_adj;Al-Sa'ídí;Al-Sa'ídí
d_cyrenaica;Barqa;Barqa
d_cyrenaica_adj;Barqí;Barqí
d_nubia;Nubia;Nubia
d_nubia_adj;Nibian;Nibian
;;
;;
;;
;;
;;
#France;;
d_poitou_adj;Poitou;Poitou
#Pommern;;
d_lubusz;Lebus;Lebus
d_lubusz_adj;Lubuska;Lubuska
#Baltics;;
d_zemigalia;Zemgali;Zemgali
d_zemigalia_adj;Zemgalian;Zemgalian
d_osel_wiek;Ösel–Wiek;Ösel–Wiek
d_osel_wiek_adj;Saare-Läänian;Saare-Läänian
d_dorpat;Ugandi;Ugandi
d_dorpat_adj;Ugandian;Ugandian
#Khazaria;;
d_itil;Atil;Atil
d_itil_adj;Atil;Atil
#;;
e_mali;Mali;Mali
e_mali_adj;Malian;Malian
#;;
k_tuat;Tuat;Tuat
k_tuat_adj;Tuatian;Tuatian
k_hoggar;Hoggar;Hoggar
k_hoggar_adj;Hoggarian;Hoggarian
k_air;Air;Air
k_air-adj;Airian;Airian
k_kawar;Kawar;Kawar
k_kawar-adj;Kawarian;Kawarian
k_mzab;Mzab;Mzab
k_mzab_adj;Mzabian;Mzabian
k_tibesti;Tibesti;Tibesti
k_tibesti_adj;Tibestian;Tibestian
k_fezzan;Fezzan;Fezzan
k_fezzan_adj;Fezzanian;Fezzanian
#;;
e_britannia;Britannia;Britannia
e_britannia_adj;British;British
e_britannia_adj_irish;Cruithnan;Cruithnan
e_britannia_adj_scottish;Cruithnan;Cruithnan
e_britannia_adj_cumbric;Prydeinan;Prydeinan
e_britannia_adj_welsh;Prydeinan;Prydeinan
e_britannia_adj_breton;Brythainan;Brythainan
e_britannia_adj_cornish;Brythainan;Brythainan
e_britannia_adj_saxon;Bryttanisc;Bryttanisc
e_britannia_adj_norse;Bretr;Bretr
e_britannia_adj_swedish;Bretr;Bretr
e_britannia_adj_norwegian;Bretr;Bretr
e_britannia_adj_icelandic;Bretr;Bretr
e_britannia_adj_norsegaelic;Cruithnan;Cruithnan
e_britannia_adj_gothic;Bretr;Bretr
e_britannia_adj_danish;Bretr;Bretr
e_britannia_adj_arpitan;Bretaigne;Bretaigne
e_britannia_adj_frankish;Bretaigne;Bretaigne
e_britannia_adj_norman;Bretaigne;Bretaigne
k_england_adj_norwegian;Ænglandr;Ænglandr
k_england_adj_icelandic;Ænglandr;Ænglandr
k_england_adj_norsegaelic;Ænglandr;Ænglandr
k_england_adj_gothic;Ænglandr;Ænglandr
k_england_adj_danish;Ænglandr;Ænglandr
k_england_adj_irish;Lloegyran;Lloegyran
k_england_adj_scottish;Lloegyran;Lloegyran
k_england_adj_cumbric;Lloegyran;Lloegyran
k_england_adj_welsh;Lloegyran;Lloegyran
k_england_adj_breton;Lloegyran;Lloegyran
k_england_adj_cornish;Lloegyran;Lloegyran
d_hereford;Mercia;Mercia
d_hereford_adj;Mercian;Mercian
d_hereford_adj_english;Herefordish;Herefordish
d_hereford_adj_norse;Miercer;Miercer
d_hereford_adj_swedish;Miercer;Miercer
d_hereford_adj_norwegian;Miercer;Miercer
d_hereford_adj_icelandic;Miercer;Miercer
d_hereford_adj_norsegaelic;Miercer;Miercer
d_hereford_adj_gothic;Miercer;Miercer
d_hereford_adj_danish;Miercer;Miercer
d_hereford_adj_saxon;Miercisc;Miercisc
d_hereford_adj_irish;Dobunnian;Dobunnian
d_hereford_adj_scottish;Dobunnian;Dobunnian
d_hereford_adj_cumbric;Dobunnian;Dobunnian
d_hereford_adj_welsh;Dobunnian;Dobunnian
d_hereford_adj_breton;Dobunnian;Dobunnian
d_hereford_adj_cornish;Dobunnian;Dobunnian
d_channel_islands;Îles d'la Manche;Îles d'la Manche
d_channel_islands_adj;Îles d'la Manche;Îles d'la Manche
d_channel_islands_adj_irish;Oileáin na Bhriotáin;Oileáin na Bhriotáin
d_channel_islands_adj_scottish;Oileáin na Bhriotáin;Oileáin na Bhriotáin
d_channel_islands_adj_breton;Inizi Mor Breizh;Inizi Mor Breizh
d_channel_islands_adj_cornish;Inizi Mor Breizh;Inizi Mor Breizh
d_channel_islands_adj_welsh;Ynysoedd y Sianel;Ynysoedd y Sianel
d_channel_islands_adj_cumbric;Ynysoedd y Sianel;Ynysoedd y Sianel
d_cornwall;Cornwall;Cornwall
d_cornwall_adj;Cornish;Cornish
d_cornwall_adj_norse;Cornwealr;Cornwealr
d_cornwall_adj_norwegian;Cornwealr;Cornwealr
d_cornwall_adj_swedish;Cornwealr;Cornwealr
d_cornwall_adj_icelandic;Cornwealr;Cornwealr
d_cornwall_adj_norsegaelic;Cornwealr;Cornwealr
d_cornwall_adj_gothic;Cornwealr;Cornwealr
d_cornwall_adj_danish;Cornwealr;Cornwealr
d_cornwall_adj_saxon;Cornwealisc;Cornwealisc
d_cornwall_adj_irish;Dumnonii;Dumnonii
d_cornwall_adj_scottish;Dumnonii;Dumnonii
d_cornwall_adj_breton;Dumnonii;Dumnonii
d_cornwall_adj_cornish;Dumnonii;Dumnonii
d_cornwall_adj_cumbric;Dumnonii;Dumnonii
d_cornwall_adj_welsh;Dumnonii;Dumnonii
d_norfolk;East Anglia;East Anglia
d_norfolk_adj;East Anglian;East Anglian
d_norfolk_adj_norse;Austænglr;Austænglr
d_norfolk_adj_norwegian;Austænglr;Austænglr
d_norfolk_adj_swedish;Austænglr;Austænglr
d_norfolk_adj_icelandic;Austænglr;Austænglr
d_norfolk_adj_norsegaelic;Austænglr;Austænglr
d_norfolk_adj_gothic;Austænglr;Austænglr
d_norfolk_adj_danish;Austænglr;Austænglr
d_norfolk_adj_saxon;Éastængleisc;Éastængleisc
d_norfolk_adj_english;Norfolkan;Norfolkan
d_norfolk_adj_cornish;Wentan;Wentan
d_norfolk_adj_breton;Wentan;Wentan
d_norfolk_adj_welsh;Wentan;Wentan
d_norfolk_adj_cumbric;Wentan;Wentan
d_norfolk_adj_irish;Wentan;Wentan
d_norfolk_adj_scottish;Wentan;Wentan
d_essex;Essex;Essex
d_essex_adj;Essexan;Essexan
d_essex_adj_norse;Austseaxr;Austseaxr
d_essex_adj_norwegian;Austseaxr;Austseaxr
d_essex_adj_swedish;Austseaxr;Austseaxr
d_essex_adj_icelandic;Austseaxr;Austseaxr
d_essex_adj_norsegaelic;Austseaxr;Austseaxr
d_essex_adj_gothic;Austseaxr;Austseaxr
d_essex_adj_danish;Austseaxr;Austseaxr
d_essex_adj_saxon;Eastseaxna;Eastseaxna
d_essex_adj_cornish;Colunan;Colunan
d_essex_adj_breton;Colunan;Colunan
d_essex_adj_welsh;Colunan;Colunan
d_essex_adj_cumbric;Colunan;Colunan
d_essex_adj_irish;Colunan;Colunan
d_essex_adj_scottish;Colunan;Colunan
d_fivebouroughs;The Five Boroughs;The Five Boroughs
d_fivebouroughs_adj;Five Boroughish;Five Boroughish
d_fivebouroughs_adj_norse;Fimm Borginnr;Fimm Borginnr
d_fivebouroughs_adj_norwegian;Fimm Borginnr;Fimm Borginnr
d_fivebouroughs_adj_icelandic;Fimm Borginnr;Fimm Borginnr
d_fivebouroughs_adj_swedish;Fimm Borginnr;Fimm Borginnr
d_fivebouroughs_adj_norsegaelic;Fimm Borginnr;Fimm Borginnr
d_fivebouroughs_adj_gothic;Fimm Borginnr;Fimm Borginnr
d_fivebouroughs_adj_danish;Fimm Borginnr;Fimm Borginnr
d_fivebouroughs_adj_saxon;Fíf Byrgisc;Fíf Byrgisc
d_fivebouroughs_adj_irish;Elmetian;Elmetian
d_fivebouroughs_adj_cumbric;Elfedian;Elfedian
d_fivebouroughs_adj_welsh;Elfedian;Elfedian
d_fivebouroughs_adj_breton;Elmetian;Elmetian
d_fivebouroughs_adj_cornish;Elmetian;Elmetian
d_fivebouroughs_adj_scottish;Elmetian;Elmetian
d_canterbury;Kent;Kent
d_canterbury_adj;Kentish;Kentish
d_canterbury_adj_english;Surreyian;Surreyian
d_canterbury_adj_norse;Centr;Centr
d_canterbury_adj_norwegian;Centr;Centr
d_canterbury_adj_swedish;Centr;Centr
d_canterbury_adj_icelandic;Centr;Centr
d_canterbury_adj_norsegaelic;Centr;Centr
d_canterbury_adj_gothic;Centr;Centr
d_canterbury_adj_danish;Centr;Centr
d_canterbury_adj_saxon;Centisc;Centisc
d_canterbury_adj_welsh;Ceintan;Ceintan
d_canterbury_adj_cumbric;Ceintan;Ceintan
d_canterbury_adj_irish;Ceintan;Ceintan
d_canterbury_adj_cornish;Ceintan;Ceintan
d_canterbury_adj_breton;Ceintan;Ceintan
d_canterbury_adj_scottish;Ceintan;Ceintan
d_lancaster;Lancaster;Lancaster
d_lancaster_adj;Lancastern;Lancastern
d_lancaster_adj_norse;Lonceasterir;Lonceasterir
d_lancaster_adj_norwegian;Lonceasterir;Lonceasterir
d_lancaster_adj_swedish;Lonceasterir;Lonceasterir
d_lancaster_adj_icelandic;Lonceasterir;Lonceasterir
d_lancaster_adj_norsegaelic;Lonceasterir;Lonceasterir
d_lancaster_adj_gothic;Lonceasterir;Lonceasterir
d_lancaster_adj_danish;Lonceasterir;Lonceasterir
d_lancaster_adj_saxon;Lonceasterisc;Lonceasterisc
d_lancaster_adj_irish;Rhegedian;Rhegedian
d_lancaster_adj_welsh;Rhegedian;Rhegedian
d_lancaster_adj_cumbric;Rhegedian;Rhegedian
d_lancaster_adj_breton;Rhegedian;Rhegedian
d_lancaster_adj_cornish;Rhegedian;Rhegedian
d_lancaster_adj_scottish;Rhegedian;Rhegedian
d_lancaster_adj_norman;Loncastre;Loncastre
d_bedford;Middle Anglia;Middle Anglia
d_bedford_adj;Middle Anglian;Middle Anglian
d_bedford_adj_english;Bedfordish;Bedfordish
d_bedford_adj_norse;Miðænglr;Miðænglr
d_bedford_adj_swedish;Miðænglr;Miðænglr
d_bedford_adj_norwegian;Miðænglr;Miðænglr
d_bedford_adj_icelandic;Miðænglr;Miðænglr
d_bedford_adj_norsegaelic;Miðænglr;Miðænglr
d_bedford_adj_gothic;Miðænglr;Miðænglr
d_bedford_adj_danish;Miðænglr;Miðænglr
d_bedford_adj_saxon;Middleængleisc;Middleængleisc
d_bedford_adj_irish;Cynwidionian;Cynwidionian
d_bedford_adj_cumbric;Calchwyneddian;Calchwyneddian
d_bedford_adj_welsh;Calchwyneddian;Calchwyneddian
d_bedford_adj_breton;Cynwidionian;Cynwidionian
d_bedford_adj_cornish;Cynwidionian;Cynwidionian
d_bedford_adj_scottish;Cynwidionian;Cynwidionian
d_northumberland;Northumberland;Northumberland
d_northumberland_adj;Northumbrian;Northumbrian
d_northumberland_adj_norse;Norðhymbrir;Norðhymbrir
d_northumberland_adj_norwegian;Norðhymbrir;Norðhymbrir
d_northumberland_adj_icelandic;Norðhymbrir;Norðhymbrir
d_northumberland_adj_norsegaelic;Norðhymbrir;Norðhymbrir
d_northumberland_adj_gothic;Norðhymbrir;Norðhymbrir
d_northumberland_adj_swedish;Norðhymbrir;Norðhymbrir
d_northumberland_adj_danish;Norðhymbrir;Norðhymbrir
d_northumberland_adj_saxon;Norþhymbrisc;Norþhymbrisc
d_northumberland_adj_cumbric;Brynaichan;Brynaichan
d_northumberland_adj_welsh;Brynaichan;Brynaichan
d_northumberland_adj_irish;Brynaichan;Brynaichan
d_northumberland_adj_scottish;Brynaichan;Brynaichan
d_northumberland_adj_cornish;Brynaichan;Brynaichan
d_northumberland_adj_breton;Brynaichan;Brynaichan
d_somerset;Wessex;Wessex
d_somerset_adj;Wessexish;Wessexish
d_somerset_adj_english;Somersetan;Somersetan
d_somerset_adj_norse;Vestseaxr;Vestseaxr
d_somerset_adj_swedish;Vestseaxr;Vestseaxr
d_somerset_adj_norwegian;Vestseaxr;Vestseaxr
d_somerset_adj_icelandic;Vestseaxr;Vestseaxr
d_somerset_adj_norsegaelic;Vestseaxr;Vestseaxr
d_somerset_adj_gothic;Vestseaxr;Vestseaxr
d_somerset_adj_danish;Vestseaxr;Vestseaxr
d_somerset_adj_saxon;Westseaxna;Westseaxna
d_somerset_adj_irish;Gwynntguican;Gwynntguican
d_somerset_adj_scottish;Gwynntguican;Gwynntguican
d_somerset_adj_cumbric;Gwynntguican;Gwynntguican
d_somerset_adj_welsh;Gwynntguican;Gwynntguican
d_somerset_adj_breton;Gwynntguican;Gwynntguican
d_somerset_adj_cornish;Gwynntguican;Gwynntguican
d_york;York;York
d_york_adj;Yorkish;Yorkish
d_york_adj_norse;Jorvíkr;Jorvíkr
d_york_adj_norwegian;Jorvíkr;Jorvíkr
d_york_adj_icelandic;Jorvíkr;Jorvíkr
d_york_adj_norsegaelic;Jorvíkr;Jorvíkr
d_york_adj_swedish;Jorvíkr;Jorvíkr
d_york_adj_gothic;Jorvíkr;Jorvíkr
d_york_adj_danish;Jorvíkr;Jorvíkr
d_york_adj_saxon;Eoforwicna;Eoforwicna
d_york_adj_cumbric;Deifran;Deifran
d_york_adj_welsh;Deifran;Deifran
d_york_adj_irish;Deifran;Deifran
d_york_adj_cornish;Deifran;Deifran
d_york_adj_scottish;Deifran;Deifran
d_york_adj_breton;Deifran;Deifran
#Ireland;;
d_oneill;O'Neill;O'Neill
d_oneill_adj;O'Neill;O'Neill
d_airgialla;Airgíalla;Airgíalla
d_airgialla_adj;Airgíallan;Airgíallan
d_breifne;Breifne;Breifne
d_breifne_adj;Breifnian;Breifnian
d_thomond;Thomond;Thomond
d_thomond_adj;Thomondian;Thomondian
d_ossory;Ossory;Ossory
d_ossory_adj;Ossoryan;Ossoryan
#####;;
d_istria;Istra;Istra
d_istria_adj;Istrian;Istrian
d_istria_adj_german;Istrische;Istrische
#####;;
d_trondelag;Þrœndalóg;Þrœndalóg
d_trondelag_adj;Þróndr;Þróndr
d_vestlandet;Biorgvin;Biorgvin
d_vestlandet_adj;Horðr;Horðr
d_jamtland;Jamtaland;Jamtaland
d_jamtland_adj;Jamtalandr;Jamtalandr
d_opplandene;Upplondum;Upplondum
d_opplandene_adj;Upplondr;Upplondr
d_more;Mœri;Mœri
d_more_adj;Mœrir;Mœrir
d_halogaland;Hálogaland;Hálogaland
d_halogaland_adj;Hálogalandr;Hálogalandr
#;;
d_faereyar;Faereyar;Faereyar
d_faereyar_adj;Faereyar;Faereyar
####;;
d_bornholm;Burghændæholm;Burghændæholm
d_bornholm_adj;Burghændæholmr;Burghændæholmr
d_bornholm_adj_norse;Borgundarhólmir;Borgundarhólmir
d_bornholm_adj_norwegian;Borgundarhólmir;Borgundarhólmir
########################;;
k_denmark_adj_norwegian;Danskr;Danskr
k_denmark_adj_norse;Danskr;Danskr
k_denmark_adj_swedish;Danskr;Danskr
k_denmark_adj_icelandic;Danskr;Danskr
k_denmark_adj_norsegaelic;Danskr;Danskr
k_denmark_adj_gothic;Danskr;Danskr
#;;
##########;;
#Mann;;
k_ellan_vannin;Man;Man
k_ellan_vannin_adj;Mannish;Mannish
k_ellan_vannin_adj_norwegian;Mönr;Mönr
k_ellan_vannin_adj_icelandic;Mönr;Mönr
k_ellan_vannin_adj_norsegaelic;Vannin;Vannin
k_ellan_vannin_adj_swedish;Mönr;Mönr
k_ellan_vannin_adj_gothic;Mönr;Mönr
k_ellan_vannin_adj_norse;Mönr;Mönr
k_ellan_vannin_adj_danish;Mönr;Mönr
k_ellan_vannin_adj_cumbric;Manau;Manau
k_ellan_vannin_adj_welsh;Manau;Manau
k_ellan_vannin_adj_irish;Dál Riataan;Dál Riataan
k_ellan_vannin_adj_cornish;Manav;Manav
k_ellan_vannin_adj_scottish;Vannin;Vannin
k_ellan_vannin_adj_breton;Manav;Manav
#;;
d_ellan_vannin;Man;Man
d_ellan_vannin_adj;Mannish;Mannish
d_ellan_vannin_adj_norwegian;Mönr;Mönr
d_ellan_vannin_adj_icelandic;Mönr;Mönr
d_ellan_vannin_adj_norsegaelic;Vannin;Vannin
d_ellan_vannin_adj_swedish;Mönr;Mönr
d_ellan_vannin_adj_gothic;Mönr;Mönr
d_ellan_vannin_adj_norse;Mönr;Mönr
d_ellan_vannin_adj_danish;Mönr;Mönr
d_ellan_vannin_adj_cumbric;Manau;Manau
d_ellan_vannin_adj_welsh;Manau;Manau
d_ellan_vannin_adj_irish;Mano;Mano
d_ellan_vannin_adj_cornish;Manav;Manav
d_ellan_vannin_adj_scottish;Vannin;Vannin
d_ellan_vannin_adj_breton;Manav;Manav
#;;
d_western_isles;Outer Hebrides;Outer Hebrides
d_western_isles_adj;Outer Hebridan;Outer Hebridan
d_western_isles_adj_norwegian;Suðreyjarir;Suðreyjarir
d_western_isles_adj_icelandic;Suðreyjarir;Suðreyjarir
d_western_isles_adj_norsegaelic;Suðreyjarir;Suðreyjarir
d_western_isles_adj_swedish;Suðreyjarir;Suðreyjarir
d_western_isles_adj_gothic;Suðreyjarir;Suðreyjarir
d_western_isles_adj_norse;Suðreyjarir;Suðreyjarir
d_western_isles_adj_danish;Suðreyjarir;Suðreyjarir
d_western_isles_adj_cumbric;Innse Gallish;Innse Gallish
d_western_isles_adj_welsh;Innse Gallish;Innse Gallish
d_western_isles_adj_irish;Innse Gallish;Innse Gallish
d_western_isles_adj_cornish;Innse Gallish;Innse Gallish
d_western_isles_adj_scottish;Innse Gallish;Innse Gallish
d_western_isles_adj_breton;Innse Gallish;Innse Gallish
#;;
d_hebrides;Inner Hebrides;Inner Hebrides
d_hebrides_adj;Inner Hebridan;Inner Hebridan
d_hebrides_adj_norwegian;Laithlinnr;Laithlinnr
d_hebrides_adj_icelandic;Laithlinnr;Laithlinnr
d_hebrides_adj_norsegaelic;Laithlinnr;Laithlinnr
d_hebrides_adj_swedish;Laithlinnr;Laithlinnr
d_hebrides_adj_gothic;Laithlinnr;Laithlinnr
d_hebrides_adj_norse;Laithlinnr;Laithlinnr
d_hebrides_adj_danish;Laithlinnr;Laithlinnr
d_hebrides_adj_cumbric;Airer Ghaidhealish;Airer Ghaidhealish
d_hebrides_adj_welsh;Airer Ghaidhealish;Airer Ghaidhealish
d_hebrides_adj_irish;Airer Ghaidhealish;Airer Ghaidhealish
d_hebrides_adj_cornish;Airer Ghaidhealish;Airer Ghaidhealish
d_hebrides_adj_scottish;Airer Ghaidhealish;Airer Ghaidhealish
d_hebrides_adj_breton;Airer Ghaidhealish;Airer Ghaidhealish
#;;
d_orkney;Orkney;Orkney
d_orkney_adj;Orkneyan;Orkneyan
d_orkney_adj_norwegian;Norðreyjarir;Norðreyjarir
d_orkney_adj_icelandic;Norðreyjarir;Norðreyjarir
d_orkney_adj_norsegaelic;Norðreyjarir;Norðreyjarir
d_orkney_adj_swedish;Norðreyjarir;Norðreyjarir
d_orkney_adj_gothic;Norðreyjarir;Norðreyjarir
d_orkney_adj_norse;Norðreyjarir;Norðreyjarir
d_orkney_adj_danish;Norðreyjarir;Norðreyjarir
d_orkney_adj_cumbric;Arcaibhish;Arcaibhish
d_orkney_adj_welsh;Arcaibhish;Arcaibhish
d_orkney_adj_irish;Arcaibhish;Arcaibhish
d_orkney_adj_cornish;Arcaibhish;Arcaibhish
d_orkney_adj_scottish;Arcaibhish;Arcaibhish
d_orkney_adj_breton;Arcaibhish;Arcaibhish
######;;
k_scotland;Alba;Alba
k_scotland_adj_norwegian;Skozkr;Skozkr
k_scotland_adj_icelandic;Skozkr;Skozkr
k_scotland_adj_norsegaelic;Skozkr;Skozkr
k_scotland_adj_swedish;Skozkr;Skozkr
k_scotland_adj_gothic;Skozkr;Skozkr
k_scotland_adj_norse;Skozkr;Skozkr
k_scotland_adj_danish;Skozkr;Skozkr
k_scotland_adj_english;Scotish;Scotish
k_scotland_adj_saxon;Scotisc;Scotisc
#;;
d_galloway;Galloway;Galloway
d_galloway_adj;Gallowayan;Gallowayan
d_galloway_adj_cumbric;Gall Ghaidhealan;Gall Ghaidhealan
d_galloway_adj_welsh;Gall Ghaidhealan;Gall Ghaidhealan
d_galloway_adj_irish;Gall Ghaidhealan;Gall Ghaidhealan
d_galloway_adj_cornish;Gall Ghaidhealan;Gall Ghaidhealan
d_galloway_adj_scottish;Gall Ghaidhealan;Gall Ghaidhealan
d_galloway_adj_breton;Gall Ghaidhealan;Gall Ghaidhealan
d_galloway_adj_norsegaelic;Gall Ghaidhealan;Gall Ghaidhealan
#;;
d_lothian;Lothian;Lothian
d_lothian_adj;Lothian;Lothian
d_lothian_adj_cumbric;Lleuddiniawn;Lleuddiniawn
d_lothian_adj_welsh;Lleuddiniawn;Lleuddiniawn
d_lothian_adj_irish;Lodainn;Lodainn
d_lothian_adj_cornish;Lleuddiniawn;Lleuddiniawn
d_lothian_adj_scottish;Lodainn;Lodainn
d_lothian_adj_breton;Lleuddiniawn;Lleuddiniawn
#;;
d_albany;Albany;Albany
d_albany_adj;Alban;Alban
d_albany_adj_cumbric;An Mhaorine;An Mhaorine
d_albany_adj_welsh;An Mhaorine;An Mhaorine
d_albany_adj_irish;An Mhaorine;An Mhaorine
d_albany_adj_cornish;An Mhaorine;An Mhaorine
d_albany_adj_scottish;An Mhaorine;An Mhaorine
d_albany_adj_breton;An Mhaorine;An Mhaorine
#;;
d_moray;Moray;Moray
d_moray_adj;Morayan;Morayan
d_moray_adj_cumbric;Moireabhan;Moireabhan
d_moray_adj_welsh;Moireabhan;Moireabhan
d_moray_adj_irish;Moireabhan;Moireabhan
d_moray_adj_cornish;Moireabhan;Moireabhan
d_moray_adj_scottish;Moireabhan;Moireabhan
d_moray_adj_breton;Moireabhan;Moireabhan
#;;
d_aberdeen;Aberdeen;Aberdeen
d_aberdeen_adj;Aberdeenan;Aberdeenan
d_aberdeen_adj_cumbric;Obar Dheathain;Obar Dheathain
d_aberdeen_adj_welsh;Obar Dheathain;Obar Dheathain
d_aberdeen_adj_irish;Obar Dheathain;Obar Dheathain
d_aberdeen_adj_cornish;Obar Dheathain;Obar Dheathain
d_aberdeen_adj_scottish;Obar Dheathain;Obar Dheathain
d_aberdeen_adj_breton;Obar Dheathain;Obar Dheathain
#;;
d_highlands;Highlands;Highlands
d_highlands_adj;Higlander;Higlander
d_highlands_adj_cumbric;Ghaidhealtachdan;Ghaidhealtachdan
d_highlands_adj_welsh;Ghaidhealtachdan;Ghaidhealtachdan
d_highlands_adj_irish;Ghaidhealtachdan;Ghaidhealtachdan
d_highlands_adj_cornish;Ghaidhealtachdan;Ghaidhealtachdan
d_highlands_adj_scottish;Ghaidhealtachdan;Ghaidhealtachdan
d_highlands_adj_breton;Ghaidhealtachdan;Ghaidhealtachdan
#;;
d_strathclyde;Strathclyde;Strathclyde
d_strathclyde_adj;Strathclydeish;Strathclydeish
d_strathclyde_adj_cumbric;Ystrad Clutan;Ystrad Clutan
d_strathclyde_adj_welsh;Ystrad Clutan;Ystrad Clutan
d_strathclyde_adj_irish;Alt Chluaidhan;Alt Chluaidhan
d_strathclyde_adj_cornish;Ystrad Clutan;Ystrad Clutan
d_strathclyde_adj_breton;Ystrad Clutan;Ystrad Clutan
#########;;
#Wales;;
k_wales;Wales;Wales
k_wales_adj;Welsh;Welsh
k_wales_adj_norwegian;Bretr;Bretr
k_wales_adj_icelandic;Bretr;Bretr
k_wales_adj_norsegaelic;Bretr;Bretr
k_wales_adj_swedish;Bretr;Bretr
k_wales_adj_gothic;Bretr;Bretr
k_wales_adj_norse;Bretr;Bretr
k_wales_adj_danish;Bretr;Bretr
k_wales_adj_saxon;Wealasisc;Wealasisc
k_wales_adj_cumbric;Cymry;Cymry
k_wales_adj_welsh;Cymry;Cymry
k_wales_adj_irish;Cymry;Cymry
k_wales_adj_cornish;Cymry;Cymry
k_wales_adj_scottish;Cymry;Cymry
k_wales_adj_breton;Cymry;Cymry
d_deheubarth;Deheubarth;Deheubarth
d_deheubarth_adj;Deheubarthish;Deheubarthish
d_gwynedd;Gwynedd;Gwynedd
d_gwynedd_adj;Gwyneddish;Gwyneddish
d_morgannwg;Glamorgan;Glamorgan
d_morgannwg_adj;Glamorganish;Glamorganish
d_powys;Powis;Powis
d_powys_adj;Powish;Powish
#########;;
#Canaries;;
d_canarias;Canarias;Canarias
d_canarias_adj;Canaria;Canaria
########;;
#Saxony;;
d_altmark;Altmark;Altmark
d_altmark_adj;Altmärkische;Altmärkische
d_lausitz;Lausitz;Lausitz
d_lausitz_adj;Lausitzsche;Lausitzsche
########;;
d_silla;Silla;Silla
d_silla_adj;Sillan;Sillan
k_takrur;Takrur;Takrur
k_takrur_adj;Takrurí;Takrurí
k_sennar;Sennar;Sennar
k_sennar_adj;Sennarí;Sennarí
k_maikelebahr;Maikele Bahr;Maikele Bahr
k_maikelebahr_adj;Maikele Bahrí;Maikele Bahrí
d_aydhab;Aydhab;Aydhab
d_aydhab_adj;Aydhabí;Aydhabí
d_alodia;Alodia;Alodia
d_alodia_adj;Alodian;Alodian
d_nobatia;Nobatia;Nobatia
d_nobatia_adj;Nobatian;Nobatian
k_kanem;Kanem;Kanem
k_kanem_adj;Kanemí;Kanemí
k_bornu;Bornu;Bornu
k_bornu_adj;Bornu;Bornu
d_bornu;Bornu;Bornu
d_bornu_adj;Bornu;Bornu
d_kanem;Kanem;Kanem
d_kanem_adj;Kanemí;Kanemí
d_wadai;Wadai;Wadai
d_wadai_adj;Wadaí;Wadaí
k_hausaland;Hausaland;Hausaland
k_hausaland_adj;of Hausaland;of Hausaland
d_kano;Kano;Kano
d_kano_adj;Kano;Kano
d_kebbi;Kebbi;Kebbi
d_kebbi_adj;Kebbi;Kebbi
d_gobir;Gobir;Gobir
d_gobir_adj;Gobirí;Gobirí
d_kassala;Kassala;Kassala
d_kassala_adj;Kassalí;Kassalí
d_darfur;Darfur;Darfur
d_darfur_adj;Darfurí;Darfurí
d_elatrun;El Atrún;El Atrún
d_elatrun_adj;Atrúní;Atrúní
k_darfur;Darfur;Darfur
k_darfur_adj;Darfurí;Darfurí
#;;
d_sieradzko-leczyckie;Sieradz-Leczyca;Sieradz-Leczyca
d_sieradzko-leczyckie_adj;Sieradzko;Sieradzko
d_azben;Azben;Azben
d_azben_adj;Azben;Azben
d_takarkart;Takarkart;Takarkart
d_takarkart_adj;Takarkartí;Takarkartí
########;;
d_amhara;Amhara;Amhara
d_amhara_adj;Amharan;Amharan
d_damot;Da'mot;Da'mot
d_damot_adj;Da'mot;Da'mot
d_badi;Badi;Badi
d_badi_adj;Badian;Badian
d_afar;Afar;Afar
d_afar_adj;Afari;Afari
d_ifat;Ifat;Ifat
d_ifat_adj;Ifati;Ifati
d_berbera;Berbera;Berbera
d_berbera_adj;Berberi;Berberi
d_tedjoura;Tadjoura;Tadjoura
d_tedjoura_adj;Tadjouri;Tadjouri
########;;
k_adal;Adal;Adal
k_adal_adj;Adali;Adali
#France;;
d_bourbon_adj;Bourbon;Bourbon
#Persia;;
d_makran;Makrán;Makrán
d_makran_adj;Makrání;Makrání
d_sistan;Sístán;Sístán
d_sistan_adj;Sístání;Sístání
d_dehestan;Dehestán;Dehestán
d_dehestan_adj;Dehestání;Dehestání
d_hamadan;Khúzestán;Khúzestán
d_hamadan_adj;Khúzestání;Khúzestání
d_esfahan;Djebal;Djebal
d_esfahan_adj;Djebalí;Djebalí
d_khoar;Khoar;Khoar
d_khoar_adj;Khoarí;Khoarí
d_hormuz;Kermán;Kermán
d_hormuz_adj;Kermání;Kermání
d_birjand;Qóhestán;Qóhestán
d_birjand_adj;Qóhestání;Qóhestání
d_tabriz;Daylam;Daylam
d_tabriz_adj;Daylamí;Daylamí
k_daylam;Daylam;Daylam
k_daylam_adj;Daylamí;Daylamí
k_maghreb;Maghreb;Maghreb
k_maghreb_adj;Maghrebian;Maghrebian
#Balkans;;
d_krk;Veglia;Krk
d_krk_adj;Veglian;Krku
d_krk_adj_german;;Veglisch
d_krk_adj_italian;;Veglian
d_krk_adj_venetian;;Veglian
d_krk_adj_ligurian;;Veglian
d_krk_adj_central_italian;;Veglian
d_krk_adj_southern_italian;;Veglian
d_krk_adj_tuscan;;Veglian
d_krk_adj_neapolitan;;Veglian
d_krk_adj_corsican;;Veglian
d_krk_adj_sardinian;;Veglian
d_krk_adj_sicilian;;Veglian
d_krk_adj_roman;;Curictan
d_krk_adj_greek;;Kyrikonan
d_krk_adj_arberian;;Kyrikonan
d_krk_adj_armenian;;Kyrikonan
d_krk_adj_georgian;;Kyrikonan
d_krk_adj_alan;;Kyrikonan
d_dalmatian_islands;Lesina;Hvar
d_dalmatian_islands_adj;Lesinan;Hvaru
d_dalmatian_islands_adj_italian;;Lesina
d_dalmatian_islands_adj_venetian;;Lesina
d_dalmatian_islands_adj_ligurian;;Lesina
d_dalmatian_islands_adj_central_italian;;Lesina
d_dalmatian_islands_adj_southern_italian;;Lesina
d_dalmatian_islands_adj_tuscan;;Lesina
d_dalmatian_islands_adj_neapolitan;;Lesina
d_dalmatian_islands_adj_corsican;;Lesina
d_dalmatian_islands_adj_sardinian;;Lesina
d_dalmatian_islands_adj_sicilian;;Lesina
d_dalmatian_islands_adj_roman;;Pharinan
d_dalmatian_islands_adj_greek;;Pharos
d_dalmatian_islands_adj_arberian;;Pharos
d_dalmatian_islands_adj_armenian;;Pharos
d_dalmatian_islands_adj_georgian;;Pharos
d_dalmatian_islands_adj_alan;;Pharos
d_ragusa;Ragusa;Dubrovnik
d_ragusa_adj;Ragusan;Dubrovnikan
d_ragusa_adj_italian;;Ragusan
d_ragusa_adj_venetian;;Ragusan
d_ragusa_adj_ligurian;;Ragusan
d_ragusa_adj_central_italian;;Ragusan
d_ragusa_adj_southern_italian;;Ragusan
d_ragusa_adj_tuscan;;Ragusan
d_ragusa_adj_neapolitan;;Ragusan
d_ragusa_adj_corsican;;Ragusan
d_ragusa_adj_sardinian;;Ragusan
d_ragusa_adj_sicilian;;Ragusan
d_ragusa_adj_roman;;Ragusian
d_ragusa_adj_greek;;Raguian
d_ragusa_adj_arberian;;Raguian
d_ragusa_adj_armenian;;Raguian
d_ragusa_adj_georgian;;Raguian
d_ragusa_adj_alan;;Raguian
d_ragusa_adj_frankish;;Ragusan
d_ragusa_adj_norman;;Ragusan
d_ragusa_adj_arpitan;;Ragusan
d_ragusa_adj_occitan;;Ragusan
d_ragusa_adj_german;;Ragusan
k_ragusa;Ragusa;Dubrovnik
k_ragusa_adj;Ragusan;Dubrovnikan
k_ragusa_adj_italian;;Ragusan
k_ragusa_adj_venetian;;Ragusan
k_ragusa_adj_ligurian;;Ragusan
k_ragusa_adj_central_italian;;Ragusan
k_ragusa_adj_southern_italian;;Ragusan
k_ragusa_adj_tuscan;;Ragusan
k_ragusa_adj_neapolitan;;Ragusan
k_ragusa_adj_corsican;;Ragusan
k_ragusa_adj_sardinian;;Ragusan
k_ragusa_adj_sicilian;;Ragusan
k_ragusa_adj_roman;;Ragusian
k_ragusa_adj_greek;;Raguian
k_ragusa_adj_arberian;;Raguian
k_ragusa_adj_armenian;;Raguian
k_ragusa_adj_georgian;;Raguian
k_ragusa_adj_alan;;Raguian
k_ragusa_adj_frankish;;Ragusan
k_ragusa_adj_norman;;Ragusan
k_ragusa_adj_arpitan;;Ragusan
k_ragusa_adj_occitan;;Ragusan
k_ragusa_adj_german;;Ragusian
d_slavonia;;Slavonija
d_slavonia_adj;;Slavonijan
d_slavonia_adj_hungarian;;Szlavónian
d_slavonia_adj_german;;Slawonische
d_slavonia_adj_greek;;Pannonian
d_slavonia_adj_armenian;;Pannonian
d_slavonia_adj_georgian;;Pannonian
d_slavonia_adj_alan;;Pannonian
d_slavonia_adj_arberian;;Pannonian
d_slavonia_adj_roman;;Pannonian
d_dalmatia;;Dalmacija
d_dalmatia_adj;;Dalmacijan
d_dalmatia_adj_italian;;Dalmazian
d_dalmatia_adj_ligurian;;Dalmazian
d_dalmatia_adj_tuscan;;Dalmazian
d_dalmatia_adj_venetian;;Dalmàssian
d_dalmatia_adj_central_italian;;Dalmazian
d_dalmatia_adj_southern_italian;;Dalmazian
d_dalmatia_adj_neapolitan;;Dalmazian
d_dalmatia_adj_corsican;;Dalmazian
d_dalmatia_adj_sardinian;;Dalmazian
d_dalmatia_adj_sicilian;;Dalmazian
d_dalmatia_adj_roman;;Dalmatian
d_dalmatia_adj_greek;;Dalmatiasan
d_dalmatia_adj_alan;;Dalmatiasan
d_dalmatia_adj_arberian;;Dalmatiasan
d_dalmatia_adj_georgian;;Dalmatiasan
d_dalmatia_adj_armenian;;Dalmatiasan
d_dalmatia_adj_german;;Dalmatische
d_rashka;Rascia;Raška
d_rashka_adj;Rascian;Raškan
d_rashka_adj_greek;;Rascian
d_rashka_adj_armenain;;Rascian
d_rashka_adj_georgian;;Rascian
d_rashka_adj_alan;;Rascian
d_rashka_adj_arberian;;Rascian
d_rashka_adj_roman;;Moesia Priman
d_syrmia;Syrmia;Srem
d_syrmia_adj;Syrmian;Srem
d_syrmia_adj_greek;;Syrmian
d_syrmia_adj_armenain;;Syrmian
d_syrmia_adj_georgian;;Syrmian
d_syrmia_adj_alan;;Syrmian
d_syrmia_adj_arberian;;Syrmian
d_syrmia_adj_roman;;Syrmian
d_syrmia_adj_german;;Syrmische
d_syrmia_adj_hungarian;;Szeréman 
d_syrmia_adj_turkish;;Sireman
d_syrmia_adj_moravian;;Srieman
d_hum;Hum;Zahumlje
d_hum_adj;Humian;Zahumljean
d_hum_adj_arberian;;Zachlumian
d_hum_adj_georgian;;Zachlumian
d_hum_adj_alan;;Zachlumian
d_hum_adj_armenian;;Zachlumian
d_hum_adj_greek;;Zachlumian
d_hum_adj_roman;;Humian
d_hum_adj_italian;;Chelmanian
d_hum_adj_venetian;;Chelmanian
d_hum_adj_ligurian;;Chelmanian
d_hum_adj_central_italian;;Chelmanian
d_hum_adj_southern_italian;;Chelmanian
d_hum_adj_tuscan;;Chelmanian
d_hum_adj_neapolitan;;Chelmanian
d_hum_adj_corsican;;Chelmanian
d_hum_adj_sardinian;;Chelmanian
d_hum_adj_sicilian;;Chelmanian
d_dioclea;Zeta;Zeta
d_dioclea_adj;Zetan;Zetan
d_dioclea_adj_greek;;Dioclean
d_dioclea_adj_arberian;;Dioclean
d_dioclea_adj_roman;;Dioclean
d_dioclea_adj_armenian;;Dioclean
d_dioclea_adj_georgian;;Dioclean
d_dioclea_adj_alan;;Dioclean
d_dioclea_adj_turkish;;Iskodran
d_ohrid;Ohrid;Ohrid
d_ohrid_adj;Ohridan;Ohridan
d_ohrid_adj_greek;;Bulgarian
d_ohrid_adj_arberian;;Bulgarian
d_ohrid_adj_armenian;;Bulgarian
d_ohrid_adj_georgian;;Bulgarian
d_ohrid_adj_alan;;Bulgarian
d_turnovo;Paristrion;Tarnovo
d_turnovo_adj;Bulgarian;Tarnovoan
d_turnovo_adj_greek;;Paristrionan
d_turnovo_adj_armenian;;Paristrionan
d_turnovo_adj_arberian;;Paristrionan
d_turnovo_adj_georgian;;Paristrionan
d_turnovo_adj_alan;;Paristrionan
d_karvuna;;Karvuna
d_karvuna_adj;;Karvunan
d_karvuna_adj_greek;;Mikrá Skythian
d_karvuna_adj_armenian;;Mikrá Skythian
d_karvuna_adj_georgian;;Mikrá Skythian
d_karvuna_adj_alan;;Mikrá Skythian
d_karvuna_adj_arberian;;Mikrá Skythian
d_vidin;Vidin;Vidin
d_vidin_adj;Vidinan;Vidinan
d_vidin_adj_greek;;Bononian
d_vidin_adj_arberian;;Bononian
d_vidin_adj_armenian;;Bononian
d_vidin_adj_alan;;Bononian
d_vidin_adj_georgian;;Bononian
d_vidin_adj_hungarian;;Bodonyan
d_vidin_adj_romanian;;Diiuan
d_adrianopolis;;Plovdiv
d_adrianopolis_adj;;Plovdivian
d_adrianopolis_adj_greek;;Makedonían
d_adrianopolis_adj_arberian;;Makedonían
d_adrianopolis_adj_armenian;;Makedonían
d_adrianopolis_adj_alan;;Makedonían
d_adrianopolis_adj_georgian;;Makedonían
d_adrianopolis_adj_italian;;Philippopolisan
d_adrianopolis_adj_venetian;;Philippopolisan
d_adrianopolis_adj_ligurian;;Philippopolisan
d_adrianopolis_adj_central_italian;;Philippopolisan
d_adrianopolis_adj_southern_italian;;Philippopolisan
d_adrianopolis_adj_tuscan;;Philippopolisan
d_adrianopolis_adj_neapolitan;;Philippopolisan
d_adrianopolis_adj_corsican;;Philippopolisan
d_adrianopolis_adj_sardinian;;Philippopolisan
d_adrianopolis_adj_sicilian;;Philippopolisan
d_adrianopolis_adj_english;;Philippopolisan
d_adrianopolis_adj_frankish;;Philippopolisan
d_adrianopolis_adj_occitan;;Philippopolisan
d_adrianopolis_adj_arpitan;;Philippopolisan
d_adrianopolis_adj_norman;;Philippopolisan
d_adrianopolis_adj_german;;Philippopolisan
d_adrianopolis_adj_danish;;Philippopolisan
d_adrianopolis_adj_swedish;;Philippopolisan
d_adrianopolis_adj_norwegian;;Philippopolisan
d_adrianopolis_adj_gothic;;Philippopolisan
d_adrianopolis_adj_hungarian;;Philippopolisan
d_adrianopolis_adj_leonese;;Philippopolisan
d_adrianopolis_adj_castillian;;Philippopolisan
d_adrianopolis_adj_aragonese;;Philippopolisan
d_adrianopolis_adj_basque;;Philippopolisan
####;;
#Crimea,northern Finnish ares and steppes;;
d_cherson;;Chersonessos
d_cherson_adj;;Chersonessosan
d_cherson_adj_russian;;Korsunskiy
d_cherson_adj_bohemian;;Korsunskiy
d_cherson_adj_moravian;;Korsunskiy
d_cherson_adj_polish;;Korsunskiy
d_cherson_adj_pommeranian;;Korsunskiy
d_cherson_adj_croatian;;Korsunskiy
d_cherson_adj_bosnian;;Korsunskiy
d_cherson_adj_serbian;;Korsunskiy
d_cherson_adj_karantanci;;Korsunskiy
d_cherson_adj_bulgarian;;Korsunskiy
#Finland;;
d_ingria;Ingria;Ingria
d_ingria_adj;Ingrian;Ingrian
d_ingria_adj_russian;;Izhorskiy
d_ingria_adj_bohemian;;Izhorskiy
d_ingria_adj_moravian;;Izhorskiy
d_ingria_adj_polish;;Izhorskiy
d_ingria_adj_pommeranian;;Izhorskiy
d_ingria_adj_croatian;;Izhorskiy
d_ingria_adj_bosnian;;Izhorskiy
d_ingria_adj_serbian;;Izhorskiy
d_ingria_adj_karantanci;;Izhorskiy
d_ingria_adj_bulgarian;;Izhorskiy
d_viipuri;Viborg;Viipuri
d_viipuri_adj;Viborgian;Viipuriesko
d_viipuri_adj_russian;;Korelskiy
d_viipuri_adj_bohemian;;Korelskiy
d_viipuri_adj_moravian;;Korelskiy
d_viipuri_adj_polish;;Korelskiy
d_viipuri_adj_pommeranian;;Korelskiy
d_viipuri_adj_croatian;;Korelskiy
d_viipuri_adj_bosnian;;Korelskiy
d_viipuri_adj_serbian;;Korelskiy
d_viipuri_adj_karantanci;;Korelskiy
d_viipuri_adj_bulgarian;;Korelskiy
#;;
d_olvia;Olvia;Podolia
d_olvia_adj;Olvian;Podolian
d_olvia_adj_russian;;Podolskiy
d_olvia_adj_bohemian;;Podolskiy
d_olvia_adj_moravian;;Podolskiy
d_olvia_adj_polish;;Podolskiy
d_olvia_adj_pommeranian;;Podolskiy
d_olvia_adj_croatian;;Podolskiy
d_olvia_adj_bosnian;;Podolskiy
d_olvia_adj_serbian;;Podolskiy
d_olvia_adj_karantanci;;Podolskiy
d_olvia_adj_bulgarian;;Podolskiy
####;;
#Grecce;;
d_thessalonika_adj_turkish;;Salonikan
d_thessalonika_adj_russian;;Solunskiy
d_thessalonika_adj_bohemian;;Solunian
d_thessalonika_adj_moravian;;Solunian
d_thessalonika_adj_polish;;Solunian
d_thessalonika_adj_pommeranian;;Solunian
d_thessalonika_adj_croatian;;Solunian
d_thessalonika_adj_bosnian;;Solunian
d_thessalonika_adj_serbian;;Solunian
d_thessalonika_adj_karantanci;;Solunian
d_thessalonika_adj_bulgarian;;Solunian
####;;
#;;
d_madeira;Madeira;Madeira
d_madeira_adj;Madeiran;Madeiran
d_madeira_adj_greek;Erythian;Erythian
d_madeira_adj_arberian;Erythian;Erythian
d_madeira_adj_armenian;Erythian;Erythian
d_madeira_adj_alan;Erythian;Erythian
d_madeira_adj_georgian;Erythian;Erythian
d_madeira_adj_italian;Lolegnamean;Lolegnamean
d_madeira_adj_venetian;Lolegnamean;Lolegnamean
d_madeira_adj_ligurian;Lolegnamean;Lolegnamean
d_madeira_adj_central_italian;Lolegnamean;Lolegnamean
d_madeira_adj_southern_italian;Lolegnamean;Lolegnamean
d_madeira_adj_tuscan;Lolegnamean;Lolegnamean
d_madeira_adj_neapolitan;Lolegnamean;Lolegnamean
d_madeira_adj_corsican;Lolegnamean;Lolegnamean
d_madeira_adj_sardinian;Lolegnamean;Lolegnamean
d_madeira_adj_sicilian;Lolegnamean;Lolegnamean
d_madeira_adj_castillian;Leinamean;Leinamean
d_madeira_adj_aragonese;Leinamean;Leinamean
d_madeira_adj_leonese;Leinamean;Leinamean
##;;
k_canarias;Canarias;Canarias
k_canarias_adj;Canarian;Canarian
