#CODE;ENGLISH;ENGLISH
d_degothers;Goths;De Gothers
d_degothers_adj;Gothic;De Gothers
d_devenders;Wends;De Venders
d_devenders_adj;Wendish;De Venders
k_austria;Austria;Österreich
k_austria_adj;Austrian;Austrian
k_oldlivonia;Livonia;Livonija
k_oldlivonia_adj;Livonian;Livonijas
k_gardariki;Gardarike;Garðaríki
k_gardariki_adj;Gardariker;Garðaríkr
k_toulouse;Toulouse;Tolosa
k_toulouse_adj;Tolosan;Tolosan
k_flanders;Flanders;Flanders
k_flanders_adj;Flemish;Flamande
k_provence;Provence;Provença
k_provence_adj;Provencal;Provençal
k_york;York;Jórvik
k_york_adj;Yorkish;Jórvikian
d_austrialombardic;Austria;Austria
d_austrialombardic_adj;Austrian;Austrian
d_neustria;Neustria;Neustria
d_neustria_adj;Neustrian;Neustrian
d_tuscia;Tuscia;Tuscia
d_tuscia_adj;Tuscian;Tuscian
d_amalfi;Amalfi;Amalfi
d_amalfi_adj;Amalfitani;Amalfitani
d_gaeta;Gaeta;Gaeta
d_gaeta_adj;Gaetani;Gaetani
d_lower_lorraine;Lower Lorraine;Niederlothringen
d_lower_lorraine_adj;Lower Lorraine;Niederlothringishe
d_brabanttitular;Brabrant;Brabrant
d_brabanttitular_adj;Brabrantian;Brabrantian
k_valencia;Valencia;Valencia
k_valencia_adj;Valencian;Valenciana
k_spanish_galicia;Galicia;Galicia
k_spanish_galicia_adj;Galician;Gallega
k_granada;Granada;Granada
k_granada_adj;Granadine;Granadina
k_catalunya;Catalonia;Catalunya
k_catalunya_adj;Catalan;Catalana
d_alba_de_tormes;Alba de Tormes;Alba de Tormes
d_alba_de_tormes_adj;de Alba de Tormes;de Alba de Tormes
d_alburquerque;Alburquerque;Alburquerque
d_alburquerque_adj;Alburquerque;de Alburquerque
d_cardona;Cardona;Cardona
d_cardona_adj;Cardonan;de Cardona
d_gandia;Gandia;Gandia
d_gandia_adj;Gandian;de Gandia
d_infantado;Infantado;Infantado
d_infantado_adj;Infantadan;de Infantado
d_medina_sidonia;Medina Sidonia;Medina Sidonia
d_medina_sidonia_adj;Medina Sidonian;de Medina Sidonia
d_medinaceli;Medinaceli;Medinaceli
d_medinaceli_adj;Medinacelian;de Medinaceli
e_occitania;Occitania;Occitània
e_occitania_adj;Occitan;Occitan
d_sangermano;Terra Sancti Benedicti;Terra Sancti Benedicti
d_sangermano_adj;Bendicitian;Bendicitian
d_swabia;Swabia;Schwaben
d_swabia_adj;Swabian;Schwäbische
d_carinthia;Carinthia;Kärnten
d_carinthia_adj;Carinthian;Kärntenische
d_saxony;Saxony;Sachsen
d_saxony_adj;Saxon;Sächsische
d_bavaria;Bavaria;Baiern
d_bavaria_adj;Bavarian;Bairische
d_franconia;Rhenish Franconia;Rheinfranken
d_franconia_adj;Franconian;Rheinisch
d_lauenburg;Lauenburg;Lauenburg
d_lauenburg_adj;Lauenburgian;Lauenburgisch
k_salerno;Salerno;Principato di Salerno
k_salerno_adj;Salernian;Salernian
d_yatviags;Yatviag;Jotvingiai
d_yatviags_adj;Yatviagian;Jotvingiu
d_pruthenians;Pruthenians;Prùsà
d_pruthenians_adj;Pruthenian;Prusu
d_curonian;Curonians;Kurši
d_curonian_adj;Curonian;Kuršiu
d_zemigalians;Semigallians;Zemgali
d_zemigalians_adj;Semigallian;Zemgali
d_lettigalians;Lettigallians;Latgali
d_lettigalians_adj;Lettigallian;Latgali
d_esthonia;Estonians;Eesti
d_esthonia_adj;Estonian;Eesti
d_narbonne;Narbonne;Narbona
d_narbonne_adj;Narbonnese;Narbona
b_friis;;Friis
b_vadskaer;;Vadskær
b_ukena;;Ukena
b_fan_knyphausen;;fan Knyphausen
b_tjarksena;;Tjarksena
d_nordfrisland;Utlande;Utlande
d_nordfrisland_adj;Utlandish;Utlandr
b_limbek;;Limbekburgr
b_wittenborg;;Wittenborg
b_warendorp;;Warendorp
b_pat_luneburg;;Lüneburg
b_vorrade;;Vorrade
b_bardewik;;Bardewik
d_ugandians;Ugandians;Ugandilased
d_ugandians_adj;Ugandian;Ugandian
d_oseelians;Oselians;Saarlased
d_oeelians_adj;;Saarlanian
d_vironians;Vironians;Virulased
d_vironians_adj;Vironian;Virulanian
d_rotalians;Rotalians;Läänelased
d_rotalians_adj;Rotalian;Läänemaaian
d_estonia;Estonians;Eestlased
d_estonia_adj;Estonian;Eestonian
d_vanemas;Vanemians;Vanemi
d_vanemas_adj;Vanemian;Vanemu
d_sakalians;Sakalians;Sakali
d_sakalians_adj;Sakalian;Sakalu
d_selonians;Selonians;Seli
d_selonians_adj;Selonian;Selu
d_talavians;Talavians;Tãlavi
d_talavians_adj;Talivian;Tãlavu
d_deltuvians;Deltuvians;Deltuvai
d_deltuvians_adj;Deltuvian;Deltuvos
d_veleti;Wilzians;Wilzi
d_veleti_adj;Wilzian;Wilzi
d_chutizi;Chutizians;Chutizi
d_chutizi_adj;Chutizian;Chutizi
d_wolinians;Wolinians;Velunzani
d_wolinians_adj;Wolinian;Velunzani
d_leubuzzi;Lebuzians;Licicaviki
d_leubuzzi_adj;Lebuzian;Licicaviki
d_drevlyans;Drevlyans;Drevlyane
d_drevlyans_adj;Drevlyan;Drevlyanskiy
d_ulichs;Ulichians;Ulichane
d_ulichs_adj;;Ulichanskiy
d_east_polanes;Polyanians;Polyane
d_east_polanes-adj;Polyanian;Polyanskiy
d_volhynians;Volhynians;Volyniane
d_volhynians_adj;Volhynian;Volynianskiy
d_buzhans;Buzhans;Buzhane
d_buzhans_adj;Buzhan;Buzhanskiy
d_tivertsi;Tivertsians;Tivertsi
d_tivertsi_adj;Tivertsian;Tivertskiy
d_burtas;Burtasians;Burtas
d_burtas_adj;Burtasian;Burtan
e_ulm;Ulm;Ulm
e_ulm_adj;Ulmian;Ulmian
d_erzosterreich;Österreich;Österreich
d_erzosterreich_adj;Österreichen;Österreichen
k_norman_england;England;England
k_norman_england_adj;English;English
d_kryvians;Kryvians;Krivichi
d_kryvians_adj;Kryvian;Krivichsky
d_severians;Severians;Severiane
d_severians_adj;Severian;Severiansky
d_lendians;Lendians;Ledzianie
d_lendians_adj;Lendian;Ledzianie
k_geats;Götaland;Gautaríki
k_geats_adj;Geatish;Gautr
e_kaleva;Kalevala;Kalevala
e_kaleva_adj;Kalevalan;Kalevalan
d_bohemians;Bohemians;Czechowé
d_bohemians_adj;;Czeský
d_massufa;;Massúfa
d_massufa_adj;;Massúfí
d_lamtuna;;Lamtúna
d_lamtuna_adj;;Lamtúní
d_lamta;;Lamta
d_lamta_adj;;Lamtí
d_zaghawa;;Zagháwa
d_zaghawa_adj;;Zagháwí
d_guddala;;Guddála
d_guddala_adj;;Guddálí
d_targa;;Targa
d_targa_adj;;Targí
d_lawata;;Lawata
d_lawata_adj;;Lawatí
d_soninke;;Soninke
d_soninke_adj;;Soninke
d_duguwa;;Duguwa
d_duguwa_adj;;Duguwí
d_blemmyes;;Béja
d_blemmyes_adj;;Béjí
k_makuria;;Makuria
k_makuria_adj;;Makurian
k_alodia;;Alodia
k_alodia_adj;;Alodian
k_moravia;;Velká Morava
k_moravia_adj;;Velkomoravský
k_shiite;Shia;Shia
k_shiite_adj;Shiite;Shiite
k_sunni;Sunni;Sunni
k_sunni_adj;Sunni;Sunni
k_tiaret;Tiáret;Tiáret
k_tiaret_adj;Tiáretí;Tiáretí
d_musab;Mus'ab;Mus'ab
d_musab_adj;Mus'abí;Mus'abí
d_gazzula;Gazzúla;Gazzúla
d_gazzula_adj;Gazzúlí;Gazzúlí
WEST_FRANCIA;;Francia Occidentalis
WEST_FRANCIA_ADJ;;Francia Occidentalis
EAST_FRANCIA;;Francia Orientalis
EAST_FRANCIA_ADJ;;Francia Orientalis
d_azben;Azben;Azben
d_azben_adj;Azben;Azben
d_takarkart;Takarkart;Takarkart
d_takarkart_adj;Takarkartí;Takarkartí
d_azger;Azger;Azger
d_azger_adj;Azgerí;Azgerí
d_tanmak;Tanmak;Tanmak
d_tanmak_adj;Tanmaki;Tanmaki
d_mazata;Mazáta;Mazáta
d_mazata_adj;Mazátí;Mazátí
d_naqis;Naqís;Naqís
d_naqis_adj;Naqísí;Naqísí
d_baqlin;Baqlín;Baqlín
d_baqlin_adj;Baqlíní;Baqlíní
d_djarin;Djarín;Djarín
d_djarin_adj;Djaríní;Djaríní
d_qataa;Qata'a;Qata'a
d_qataa_adj;Qata'í;Qata'í
d_bazin;Bazín;Bazín
d_bazin_adj;Bazíní;Bazíní
d_danakil;Danakil;Danakil
d_danakil_adj;Danakilí;Danakilí
d_semien;Semien;Semien
d_semien_adj;Semien;Semien
k_ifat;Ifat;Ifat
k_ifat_adj;Ifatí;Ifatí
k_blemmyes;Béja;Béja
k_blemmyes_adj;Béjí;Béjí
;;
d_dregovichi_adj;Dregovichan;Dregovichi
d_radimichi_adj;Radimichan;Radimichi
d_hilal;Banu Hilál;Banu Hilál
d_hilal_adj;Hilálí;Hilálí
k_aydin_adj;Aydini;Aydini
k_eretnid_adj;Eretni;Eretni
k_germyan_adj;Germiyani;Germiyani
k_hammadid_adj;Hamdanid;Hamdanid
k_kafsid_adj;Kafsid;Kafsid
k_mentese_adj;Mentese;Mentese
k_tekke_adj;Tekke;Tekke
k_zirid_adj;Zirid;Zirid
d_silesians;Slezanie;Slezanie
d_silesians_adj;Silesian;Silesian
d_polans;Polanie;Polanie
d_polans_adj;Polan;Polan
d_mazovians;Mazowszanie;Mazowszanie
d_mazovians_adj;Mazovian;Mazovian
d_vistulans;Wislanie;Wislanie
d_vistulans_adj;Vistulan;Vistulan
#;;
k_duklja;Duklja;Duklja
k_duklja_adj;Dukljan;Dukljan
